config	experiment	group	mazeFile	numStartingPositions	pc_files	traces	numEpisodes
c0	experiments/setups/experiment_1.xml	g1	experiments/mazes/M01.xml	1	experiments/pc_layers/uniform/u48_30.csv	0.0	10000
c1	experiments/setups/experiment_1.xml	g1	experiments/mazes/M01.xml	1	experiments/pc_layers/uniform/u48_30.csv	0.7	10000
c2	experiments/setups/experiment_1.xml	g1	experiments/mazes/M01.xml	1	experiments/pc_layers/uniform/u52_40.csv	0.0	10000
c3	experiments/setups/experiment_1.xml	g1	experiments/mazes/M01.xml	1	experiments/pc_layers/uniform/u52_40.csv	0.7	10000
c4	experiments/setups/experiment_1.xml	g1	experiments/mazes/M01.xml	1	experiments/pc_layers/uniform/u56_30.csv	0.0	10000
c5	experiments/setups/experiment_1.xml	g1	experiments/mazes/M01.xml	1	experiments/pc_layers/uniform/u56_30.csv	0.7	10000
c6	experiments/setups/experiment_1.xml	g1	experiments/mazes/M01.xml	1	experiments/pc_layers/uniform/u40_40.csv	0.0	10000
c7	experiments/setups/experiment_1.xml	g1	experiments/mazes/M01.xml	1	experiments/pc_layers/uniform/u40_40.csv	0.7	10000
c8	experiments/setups/experiment_1.xml	g1	experiments/mazes/M01.xml	1	experiments/pc_layers/uniform/u44_30.csv	0.0	10000
c9	experiments/setups/experiment_1.xml	g1	experiments/mazes/M01.xml	1	experiments/pc_layers/uniform/u44_30.csv	0.7	10000
c10	experiments/setups/experiment_1.xml	g1	experiments/mazes/M01.xml	1	experiments/pc_layers/uniform/u44_25.csv	0.0	10000
c11	experiments/setups/experiment_1.xml	g1	experiments/mazes/M01.xml	1	experiments/pc_layers/uniform/u44_25.csv	0.7	10000
c12	experiments/setups/experiment_1.xml	g1	experiments/mazes/M01.xml	1	experiments/pc_layers/uniform/u16_11.csv	0.0	10000
c13	experiments/setups/experiment_1.xml	g1	experiments/mazes/M01.xml	1	experiments/pc_layers/uniform/u16_11.csv	0.7	10000
c14	experiments/setups/experiment_1.xml	g1	experiments/mazes/M01.xml	1	experiments/pc_layers/uniform/u20_10.csv	0.0	10000
c15	experiments/setups/experiment_1.xml	g1	experiments/mazes/M01.xml	1	experiments/pc_layers/uniform/u20_10.csv	0.7	10000
c16	experiments/setups/experiment_1.xml	g1	experiments/mazes/M01.xml	1	experiments/pc_layers/uniform/u56_25.csv	0.0	10000
c17	experiments/setups/experiment_1.xml	g1	experiments/mazes/M01.xml	1	experiments/pc_layers/uniform/u56_25.csv	0.7	10000
c18	experiments/setups/experiment_1.xml	g1	experiments/mazes/M01.xml	1	experiments/pc_layers/uniform/u32_10.csv	0.0	10000
c19	experiments/setups/experiment_1.xml	g1	experiments/mazes/M01.xml	1	experiments/pc_layers/uniform/u32_10.csv	0.7	10000
c20	experiments/setups/experiment_1.xml	g1	experiments/mazes/M01.xml	1	experiments/pc_layers/uniform/u48_25.csv	0.0	10000
c21	experiments/setups/experiment_1.xml	g1	experiments/mazes/M01.xml	1	experiments/pc_layers/uniform/u48_25.csv	0.7	10000
c22	experiments/setups/experiment_1.xml	g1	experiments/mazes/M01.xml	1	experiments/pc_layers/uniform/u32_06.csv	0.0	10000
c23	experiments/setups/experiment_1.xml	g1	experiments/mazes/M01.xml	1	experiments/pc_layers/uniform/u32_06.csv	0.7	10000
c24	experiments/setups/experiment_1.xml	g1	experiments/mazes/M01.xml	1	experiments/pc_layers/uniform/u48_35.csv	0.0	10000
c25	experiments/setups/experiment_1.xml	g1	experiments/mazes/M01.xml	1	experiments/pc_layers/uniform/u48_35.csv	0.7	10000
c26	experiments/setups/experiment_1.xml	g1	experiments/mazes/M01.xml	1	experiments/pc_layers/uniform/u56_35.csv	0.0	10000
c27	experiments/setups/experiment_1.xml	g1	experiments/mazes/M01.xml	1	experiments/pc_layers/uniform/u56_35.csv	0.7	10000
c28	experiments/setups/experiment_1.xml	g1	experiments/mazes/M01.xml	1	experiments/pc_layers/uniform/u16_15.csv	0.0	10000
c29	experiments/setups/experiment_1.xml	g1	experiments/mazes/M01.xml	1	experiments/pc_layers/uniform/u16_15.csv	0.7	10000
c30	experiments/setups/experiment_1.xml	g1	experiments/mazes/M01.xml	1	experiments/pc_layers/uniform/u44_35.csv	0.0	10000
c31	experiments/setups/experiment_1.xml	g1	experiments/mazes/M01.xml	1	experiments/pc_layers/uniform/u44_35.csv	0.7	10000
c32	experiments/setups/experiment_1.xml	g1	experiments/mazes/M01.xml	1	experiments/pc_layers/uniform/u44_20.csv	0.0	10000
c33	experiments/setups/experiment_1.xml	g1	experiments/mazes/M01.xml	1	experiments/pc_layers/uniform/u44_20.csv	0.7	10000
c34	experiments/setups/experiment_1.xml	g1	experiments/mazes/M01.xml	1	experiments/pc_layers/uniform/u20_15.csv	0.0	10000
c35	experiments/setups/experiment_1.xml	g1	experiments/mazes/M01.xml	1	experiments/pc_layers/uniform/u20_15.csv	0.7	10000
c36	experiments/setups/experiment_1.xml	g1	experiments/mazes/M01.xml	1	experiments/pc_layers/uniform/u56_20.csv	0.0	10000
c37	experiments/setups/experiment_1.xml	g1	experiments/mazes/M01.xml	1	experiments/pc_layers/uniform/u56_20.csv	0.7	10000
c38	experiments/setups/experiment_1.xml	g1	experiments/mazes/M01.xml	1	experiments/pc_layers/uniform/u32_15.csv	0.0	10000
c39	experiments/setups/experiment_1.xml	g1	experiments/mazes/M01.xml	1	experiments/pc_layers/uniform/u32_15.csv	0.7	10000
c40	experiments/setups/experiment_1.xml	g1	experiments/mazes/M01.xml	1	experiments/pc_layers/uniform/u48_20.csv	0.0	10000
c41	experiments/setups/experiment_1.xml	g1	experiments/mazes/M01.xml	1	experiments/pc_layers/uniform/u48_20.csv	0.7	10000
c42	experiments/setups/experiment_1.xml	g1	experiments/mazes/M01.xml	1	experiments/pc_layers/uniform/u52_20.csv	0.0	10000
c43	experiments/setups/experiment_1.xml	g1	experiments/mazes/M01.xml	1	experiments/pc_layers/uniform/u52_20.csv	0.7	10000
c44	experiments/setups/experiment_1.xml	g1	experiments/mazes/M01.xml	1	experiments/pc_layers/uniform/u28_15.csv	0.0	10000
c45	experiments/setups/experiment_1.xml	g1	experiments/mazes/M01.xml	1	experiments/pc_layers/uniform/u28_15.csv	0.7	10000
c46	experiments/setups/experiment_1.xml	g1	experiments/mazes/M01.xml	1	experiments/pc_layers/uniform/u36_15.csv	0.0	10000
c47	experiments/setups/experiment_1.xml	g1	experiments/mazes/M01.xml	1	experiments/pc_layers/uniform/u36_15.csv	0.7	10000
c48	experiments/setups/experiment_1.xml	g1	experiments/mazes/M01.xml	1	experiments/pc_layers/uniform/u40_20.csv	0.0	10000
c49	experiments/setups/experiment_1.xml	g1	experiments/mazes/M01.xml	1	experiments/pc_layers/uniform/u40_20.csv	0.7	10000
c50	experiments/setups/experiment_1.xml	g1	experiments/mazes/M01.xml	1	experiments/pc_layers/uniform/u12_14.csv	0.0	10000
c51	experiments/setups/experiment_1.xml	g1	experiments/mazes/M01.xml	1	experiments/pc_layers/uniform/u12_14.csv	0.7	10000
c52	experiments/setups/experiment_1.xml	g1	experiments/mazes/M01.xml	1	experiments/pc_layers/uniform/u24_15.csv	0.0	10000
c53	experiments/setups/experiment_1.xml	g1	experiments/mazes/M01.xml	1	experiments/pc_layers/uniform/u24_15.csv	0.7	10000
c54	experiments/setups/experiment_1.xml	g1	experiments/mazes/M01.xml	1	experiments/pc_layers/uniform/u12_15.csv	0.0	10000
c55	experiments/setups/experiment_1.xml	g1	experiments/mazes/M01.xml	1	experiments/pc_layers/uniform/u12_15.csv	0.7	10000
c56	experiments/setups/experiment_1.xml	g1	experiments/mazes/M01.xml	1	experiments/pc_layers/uniform/u40_35.csv	0.0	10000
c57	experiments/setups/experiment_1.xml	g1	experiments/mazes/M01.xml	1	experiments/pc_layers/uniform/u40_35.csv	0.7	10000
c58	experiments/setups/experiment_1.xml	g1	experiments/mazes/M01.xml	1	experiments/pc_layers/uniform/u52_35.csv	0.0	10000
c59	experiments/setups/experiment_1.xml	g1	experiments/mazes/M01.xml	1	experiments/pc_layers/uniform/u52_35.csv	0.7	10000
c60	experiments/setups/experiment_1.xml	g1	experiments/mazes/M01.xml	1	experiments/pc_layers/uniform/u52_25.csv	0.0	10000
c61	experiments/setups/experiment_1.xml	g1	experiments/mazes/M01.xml	1	experiments/pc_layers/uniform/u52_25.csv	0.7	10000
c62	experiments/setups/experiment_1.xml	g1	experiments/mazes/M01.xml	1	experiments/pc_layers/uniform/u28_10.csv	0.0	10000
c63	experiments/setups/experiment_1.xml	g1	experiments/mazes/M01.xml	1	experiments/pc_layers/uniform/u28_10.csv	0.7	10000
c64	experiments/setups/experiment_1.xml	g1	experiments/mazes/M01.xml	1	experiments/pc_layers/uniform/u36_10.csv	0.0	10000
c65	experiments/setups/experiment_1.xml	g1	experiments/mazes/M01.xml	1	experiments/pc_layers/uniform/u36_10.csv	0.7	10000
c66	experiments/setups/experiment_1.xml	g1	experiments/mazes/M01.xml	1	experiments/pc_layers/uniform/u40_25.csv	0.0	10000
c67	experiments/setups/experiment_1.xml	g1	experiments/mazes/M01.xml	1	experiments/pc_layers/uniform/u40_25.csv	0.7	10000
c68	experiments/setups/experiment_1.xml	g1	experiments/mazes/M01.xml	1	experiments/pc_layers/uniform/u24_10.csv	0.0	10000
c69	experiments/setups/experiment_1.xml	g1	experiments/mazes/M01.xml	1	experiments/pc_layers/uniform/u24_10.csv	0.7	10000
c70	experiments/setups/experiment_1.xml	g1	experiments/mazes/M01.xml	1	experiments/pc_layers/uniform/u44_40.csv	0.0	10000
c71	experiments/setups/experiment_1.xml	g1	experiments/mazes/M01.xml	1	experiments/pc_layers/uniform/u44_40.csv	0.7	10000
c72	experiments/setups/experiment_1.xml	g1	experiments/mazes/M01.xml	1	experiments/pc_layers/uniform/u40_30.csv	0.0	10000
c73	experiments/setups/experiment_1.xml	g1	experiments/mazes/M01.xml	1	experiments/pc_layers/uniform/u40_30.csv	0.7	10000
c74	experiments/setups/experiment_1.xml	g1	experiments/mazes/M01.xml	1	experiments/pc_layers/uniform/u56_40.csv	0.0	10000
c75	experiments/setups/experiment_1.xml	g1	experiments/mazes/M01.xml	1	experiments/pc_layers/uniform/u56_40.csv	0.7	10000
c76	experiments/setups/experiment_1.xml	g1	experiments/mazes/M01.xml	1	experiments/pc_layers/uniform/u48_40.csv	0.0	10000
c77	experiments/setups/experiment_1.xml	g1	experiments/mazes/M01.xml	1	experiments/pc_layers/uniform/u48_40.csv	0.7	10000
c78	experiments/setups/experiment_1.xml	g1	experiments/mazes/M01.xml	1	experiments/pc_layers/uniform/u52_30.csv	0.0	10000
c79	experiments/setups/experiment_1.xml	g1	experiments/mazes/M01.xml	1	experiments/pc_layers/uniform/u52_30.csv	0.7	10000
c80	experiments/setups/experiment_1.xml	g1	experiments/mazes/M01.xml	1	experiments/pc_layers/uniform/u24_07.csv	0.0	10000
c81	experiments/setups/experiment_1.xml	g1	experiments/mazes/M01.xml	1	experiments/pc_layers/uniform/u24_07.csv	0.7	10000
c82	experiments/setups/experiment_1.xml	g1	experiments/mazes/M01.xml	1	experiments/pc_layers/uniform/u36_06.csv	0.0	10000
c83	experiments/setups/experiment_1.xml	g1	experiments/mazes/M01.xml	1	experiments/pc_layers/uniform/u36_06.csv	0.7	10000
c84	experiments/setups/experiment_1.xml	g1	experiments/mazes/M01.xml	1	experiments/pc_layers/uniform/u28_06.csv	0.0	10000
c85	experiments/setups/experiment_1.xml	g1	experiments/mazes/M01.xml	1	experiments/pc_layers/uniform/u28_06.csv	0.7	10000
c86	experiments/setups/experiment_1.xml	g1	experiments/mazes/M01.xml	1	experiments/pc_layers/uniform/u52_15.csv	0.0	10000
c87	experiments/setups/experiment_1.xml	g1	experiments/mazes/M01.xml	1	experiments/pc_layers/uniform/u52_15.csv	0.7	10000
c88	experiments/setups/experiment_1.xml	g1	experiments/mazes/M01.xml	1	experiments/pc_layers/uniform/u28_20.csv	0.0	10000
c89	experiments/setups/experiment_1.xml	g1	experiments/mazes/M01.xml	1	experiments/pc_layers/uniform/u28_20.csv	0.7	10000
c90	experiments/setups/experiment_1.xml	g1	experiments/mazes/M01.xml	1	experiments/pc_layers/uniform/u36_20.csv	0.0	10000
c91	experiments/setups/experiment_1.xml	g1	experiments/mazes/M01.xml	1	experiments/pc_layers/uniform/u36_20.csv	0.7	10000
c92	experiments/setups/experiment_1.xml	g1	experiments/mazes/M01.xml	1	experiments/pc_layers/uniform/u12_35.csv	0.0	10000
c93	experiments/setups/experiment_1.xml	g1	experiments/mazes/M01.xml	1	experiments/pc_layers/uniform/u12_35.csv	0.7	10000
c94	experiments/setups/experiment_1.xml	g1	experiments/mazes/M01.xml	1	experiments/pc_layers/uniform/u40_15.csv	0.0	10000
c95	experiments/setups/experiment_1.xml	g1	experiments/mazes/M01.xml	1	experiments/pc_layers/uniform/u40_15.csv	0.7	10000
c96	experiments/setups/experiment_1.xml	g1	experiments/mazes/M01.xml	1	experiments/pc_layers/uniform/u24_20.csv	0.0	10000
c97	experiments/setups/experiment_1.xml	g1	experiments/mazes/M01.xml	1	experiments/pc_layers/uniform/u24_20.csv	0.7	10000
c98	experiments/setups/experiment_1.xml	g1	experiments/mazes/M01.xml	1	experiments/pc_layers/uniform/u24_35.csv	0.0	10000
c99	experiments/setups/experiment_1.xml	g1	experiments/mazes/M01.xml	1	experiments/pc_layers/uniform/u24_35.csv	0.7	10000
c100	experiments/setups/experiment_1.xml	g1	experiments/mazes/M01.xml	1	experiments/pc_layers/uniform/u12_20.csv	0.0	10000
c101	experiments/setups/experiment_1.xml	g1	experiments/mazes/M01.xml	1	experiments/pc_layers/uniform/u12_20.csv	0.7	10000
c102	experiments/setups/experiment_1.xml	g1	experiments/mazes/M01.xml	1	experiments/pc_layers/uniform/u36_35.csv	0.0	10000
c103	experiments/setups/experiment_1.xml	g1	experiments/mazes/M01.xml	1	experiments/pc_layers/uniform/u36_35.csv	0.7	10000
c104	experiments/setups/experiment_1.xml	g1	experiments/mazes/M01.xml	1	experiments/pc_layers/uniform/u28_35.csv	0.0	10000
c105	experiments/setups/experiment_1.xml	g1	experiments/mazes/M01.xml	1	experiments/pc_layers/uniform/u28_35.csv	0.7	10000
c106	experiments/setups/experiment_1.xml	g1	experiments/mazes/M01.xml	1	experiments/pc_layers/uniform/u52_10.csv	0.0	10000
c107	experiments/setups/experiment_1.xml	g1	experiments/mazes/M01.xml	1	experiments/pc_layers/uniform/u52_10.csv	0.7	10000
c108	experiments/setups/experiment_1.xml	g1	experiments/mazes/M01.xml	1	experiments/pc_layers/uniform/u52_04.csv	0.0	10000
c109	experiments/setups/experiment_1.xml	g1	experiments/mazes/M01.xml	1	experiments/pc_layers/uniform/u52_04.csv	0.7	10000
c110	experiments/setups/experiment_1.xml	g1	experiments/mazes/M01.xml	1	experiments/pc_layers/uniform/u28_25.csv	0.0	10000
c111	experiments/setups/experiment_1.xml	g1	experiments/mazes/M01.xml	1	experiments/pc_layers/uniform/u28_25.csv	0.7	10000
c112	experiments/setups/experiment_1.xml	g1	experiments/mazes/M01.xml	1	experiments/pc_layers/uniform/u04_40.csv	0.0	10000
c113	experiments/setups/experiment_1.xml	g1	experiments/mazes/M01.xml	1	experiments/pc_layers/uniform/u04_40.csv	0.7	10000
c114	experiments/setups/experiment_1.xml	g1	experiments/mazes/M01.xml	1	experiments/pc_layers/uniform/u36_25.csv	0.0	10000
c115	experiments/setups/experiment_1.xml	g1	experiments/mazes/M01.xml	1	experiments/pc_layers/uniform/u36_25.csv	0.7	10000
c116	experiments/setups/experiment_1.xml	g1	experiments/mazes/M01.xml	1	experiments/pc_layers/uniform/u12_30.csv	0.0	10000
c117	experiments/setups/experiment_1.xml	g1	experiments/mazes/M01.xml	1	experiments/pc_layers/uniform/u12_30.csv	0.7	10000
c118	experiments/setups/experiment_1.xml	g1	experiments/mazes/M01.xml	1	experiments/pc_layers/uniform/u40_10.csv	0.0	10000
c119	experiments/setups/experiment_1.xml	g1	experiments/mazes/M01.xml	1	experiments/pc_layers/uniform/u40_10.csv	0.7	10000
c120	experiments/setups/experiment_1.xml	g1	experiments/mazes/M01.xml	1	experiments/pc_layers/uniform/u08_40.csv	0.0	10000
c121	experiments/setups/experiment_1.xml	g1	experiments/mazes/M01.xml	1	experiments/pc_layers/uniform/u08_40.csv	0.7	10000
c122	experiments/setups/experiment_1.xml	g1	experiments/mazes/M01.xml	1	experiments/pc_layers/uniform/u16_40.csv	0.0	10000
c123	experiments/setups/experiment_1.xml	g1	experiments/mazes/M01.xml	1	experiments/pc_layers/uniform/u16_40.csv	0.7	10000
c124	experiments/setups/experiment_1.xml	g1	experiments/mazes/M01.xml	1	experiments/pc_layers/uniform/u24_25.csv	0.0	10000
c125	experiments/setups/experiment_1.xml	g1	experiments/mazes/M01.xml	1	experiments/pc_layers/uniform/u24_25.csv	0.7	10000
c126	experiments/setups/experiment_1.xml	g1	experiments/mazes/M01.xml	1	experiments/pc_layers/uniform/u24_30.csv	0.0	10000
c127	experiments/setups/experiment_1.xml	g1	experiments/mazes/M01.xml	1	experiments/pc_layers/uniform/u24_30.csv	0.7	10000
c128	experiments/setups/experiment_1.xml	g1	experiments/mazes/M01.xml	1	experiments/pc_layers/uniform/u20_40.csv	0.0	10000
c129	experiments/setups/experiment_1.xml	g1	experiments/mazes/M01.xml	1	experiments/pc_layers/uniform/u20_40.csv	0.7	10000
c130	experiments/setups/experiment_1.xml	g1	experiments/mazes/M01.xml	1	experiments/pc_layers/uniform/u12_25.csv	0.0	10000
c131	experiments/setups/experiment_1.xml	g1	experiments/mazes/M01.xml	1	experiments/pc_layers/uniform/u12_25.csv	0.7	10000
c132	experiments/setups/experiment_1.xml	g1	experiments/mazes/M01.xml	1	experiments/pc_layers/uniform/u40_05.csv	0.0	10000
c133	experiments/setups/experiment_1.xml	g1	experiments/mazes/M01.xml	1	experiments/pc_layers/uniform/u40_05.csv	0.7	10000
c134	experiments/setups/experiment_1.xml	g1	experiments/mazes/M01.xml	1	experiments/pc_layers/uniform/u36_30.csv	0.0	10000
c135	experiments/setups/experiment_1.xml	g1	experiments/mazes/M01.xml	1	experiments/pc_layers/uniform/u36_30.csv	0.7	10000
c136	experiments/setups/experiment_1.xml	g1	experiments/mazes/M01.xml	1	experiments/pc_layers/uniform/u28_30.csv	0.0	10000
c137	experiments/setups/experiment_1.xml	g1	experiments/mazes/M01.xml	1	experiments/pc_layers/uniform/u28_30.csv	0.7	10000
c138	experiments/setups/experiment_1.xml	g1	experiments/mazes/M01.xml	1	experiments/pc_layers/uniform/u32_40.csv	0.0	10000
c139	experiments/setups/experiment_1.xml	g1	experiments/mazes/M01.xml	1	experiments/pc_layers/uniform/u32_40.csv	0.7	10000
c140	experiments/setups/experiment_1.xml	g1	experiments/mazes/M01.xml	1	experiments/pc_layers/uniform/u52_05.csv	0.0	10000
c141	experiments/setups/experiment_1.xml	g1	experiments/mazes/M01.xml	1	experiments/pc_layers/uniform/u52_05.csv	0.7	10000
c142	experiments/setups/experiment_1.xml	g1	experiments/mazes/M01.xml	1	experiments/pc_layers/uniform/u48_05.csv	0.0	10000
c143	experiments/setups/experiment_1.xml	g1	experiments/mazes/M01.xml	1	experiments/pc_layers/uniform/u48_05.csv	0.7	10000
c144	experiments/setups/experiment_1.xml	g1	experiments/mazes/M01.xml	1	experiments/pc_layers/uniform/u28_40.csv	0.0	10000
c145	experiments/setups/experiment_1.xml	g1	experiments/mazes/M01.xml	1	experiments/pc_layers/uniform/u28_40.csv	0.7	10000
c146	experiments/setups/experiment_1.xml	g1	experiments/mazes/M01.xml	1	experiments/pc_layers/uniform/u32_30.csv	0.0	10000
c147	experiments/setups/experiment_1.xml	g1	experiments/mazes/M01.xml	1	experiments/pc_layers/uniform/u32_30.csv	0.7	10000
c148	experiments/setups/experiment_1.xml	g1	experiments/mazes/M01.xml	1	experiments/pc_layers/uniform/u56_05.csv	0.0	10000
c149	experiments/setups/experiment_1.xml	g1	experiments/mazes/M01.xml	1	experiments/pc_layers/uniform/u56_05.csv	0.7	10000
c150	experiments/setups/experiment_1.xml	g1	experiments/mazes/M01.xml	1	experiments/pc_layers/uniform/u36_40.csv	0.0	10000
c151	experiments/setups/experiment_1.xml	g1	experiments/mazes/M01.xml	1	experiments/pc_layers/uniform/u36_40.csv	0.7	10000
c152	experiments/setups/experiment_1.xml	g1	experiments/mazes/M01.xml	1	experiments/pc_layers/uniform/u08_25.csv	0.0	10000
c153	experiments/setups/experiment_1.xml	g1	experiments/mazes/M01.xml	1	experiments/pc_layers/uniform/u08_25.csv	0.7	10000
c154	experiments/setups/experiment_1.xml	g1	experiments/mazes/M01.xml	1	experiments/pc_layers/uniform/u20_30.csv	0.0	10000
c155	experiments/setups/experiment_1.xml	g1	experiments/mazes/M01.xml	1	experiments/pc_layers/uniform/u20_30.csv	0.7	10000
c156	experiments/setups/experiment_1.xml	g1	experiments/mazes/M01.xml	1	experiments/pc_layers/uniform/u16_25.csv	0.0	10000
c157	experiments/setups/experiment_1.xml	g1	experiments/mazes/M01.xml	1	experiments/pc_layers/uniform/u16_25.csv	0.7	10000
c158	experiments/setups/experiment_1.xml	g1	experiments/mazes/M01.xml	1	experiments/pc_layers/uniform/u44_05.csv	0.0	10000
c159	experiments/setups/experiment_1.xml	g1	experiments/mazes/M01.xml	1	experiments/pc_layers/uniform/u44_05.csv	0.7	10000
c160	experiments/setups/experiment_1.xml	g1	experiments/mazes/M01.xml	1	experiments/pc_layers/uniform/u24_40.csv	0.0	10000
c161	experiments/setups/experiment_1.xml	g1	experiments/mazes/M01.xml	1	experiments/pc_layers/uniform/u24_40.csv	0.7	10000
c162	experiments/setups/experiment_1.xml	g1	experiments/mazes/M01.xml	1	experiments/pc_layers/uniform/u44_04.csv	0.0	10000
c163	experiments/setups/experiment_1.xml	g1	experiments/mazes/M01.xml	1	experiments/pc_layers/uniform/u44_04.csv	0.7	10000
c164	experiments/setups/experiment_1.xml	g1	experiments/mazes/M01.xml	1	experiments/pc_layers/uniform/u16_30.csv	0.0	10000
c165	experiments/setups/experiment_1.xml	g1	experiments/mazes/M01.xml	1	experiments/pc_layers/uniform/u16_30.csv	0.7	10000
c166	experiments/setups/experiment_1.xml	g1	experiments/mazes/M01.xml	1	experiments/pc_layers/uniform/u44_10.csv	0.0	10000
c167	experiments/setups/experiment_1.xml	g1	experiments/mazes/M01.xml	1	experiments/pc_layers/uniform/u44_10.csv	0.7	10000
c168	experiments/setups/experiment_1.xml	g1	experiments/mazes/M01.xml	1	experiments/pc_layers/uniform/u20_25.csv	0.0	10000
c169	experiments/setups/experiment_1.xml	g1	experiments/mazes/M01.xml	1	experiments/pc_layers/uniform/u20_25.csv	0.7	10000
c170	experiments/setups/experiment_1.xml	g1	experiments/mazes/M01.xml	1	experiments/pc_layers/uniform/u12_40.csv	0.0	10000
c171	experiments/setups/experiment_1.xml	g1	experiments/mazes/M01.xml	1	experiments/pc_layers/uniform/u12_40.csv	0.7	10000
c172	experiments/setups/experiment_1.xml	g1	experiments/mazes/M01.xml	1	experiments/pc_layers/uniform/u08_30.csv	0.0	10000
c173	experiments/setups/experiment_1.xml	g1	experiments/mazes/M01.xml	1	experiments/pc_layers/uniform/u08_30.csv	0.7	10000
c174	experiments/setups/experiment_1.xml	g1	experiments/mazes/M01.xml	1	experiments/pc_layers/uniform/u56_10.csv	0.0	10000
c175	experiments/setups/experiment_1.xml	g1	experiments/mazes/M01.xml	1	experiments/pc_layers/uniform/u56_10.csv	0.7	10000
c176	experiments/setups/experiment_1.xml	g1	experiments/mazes/M01.xml	1	experiments/pc_layers/uniform/u56_04.csv	0.0	10000
c177	experiments/setups/experiment_1.xml	g1	experiments/mazes/M01.xml	1	experiments/pc_layers/uniform/u56_04.csv	0.7	10000
c178	experiments/setups/experiment_1.xml	g1	experiments/mazes/M01.xml	1	experiments/pc_layers/uniform/u32_25.csv	0.0	10000
c179	experiments/setups/experiment_1.xml	g1	experiments/mazes/M01.xml	1	experiments/pc_layers/uniform/u32_25.csv	0.7	10000
c180	experiments/setups/experiment_1.xml	g1	experiments/mazes/M01.xml	1	experiments/pc_layers/uniform/u48_10.csv	0.0	10000
c181	experiments/setups/experiment_1.xml	g1	experiments/mazes/M01.xml	1	experiments/pc_layers/uniform/u48_10.csv	0.7	10000
c182	experiments/setups/experiment_1.xml	g1	experiments/mazes/M01.xml	1	experiments/pc_layers/uniform/u48_04.csv	0.0	10000
c183	experiments/setups/experiment_1.xml	g1	experiments/mazes/M01.xml	1	experiments/pc_layers/uniform/u48_04.csv	0.7	10000
c184	experiments/setups/experiment_1.xml	g1	experiments/mazes/M01.xml	1	experiments/pc_layers/uniform/u32_35.csv	0.0	10000
c185	experiments/setups/experiment_1.xml	g1	experiments/mazes/M01.xml	1	experiments/pc_layers/uniform/u32_35.csv	0.7	10000
c186	experiments/setups/experiment_1.xml	g1	experiments/mazes/M01.xml	1	experiments/pc_layers/uniform/u20_35.csv	0.0	10000
c187	experiments/setups/experiment_1.xml	g1	experiments/mazes/M01.xml	1	experiments/pc_layers/uniform/u20_35.csv	0.7	10000
c188	experiments/setups/experiment_1.xml	g1	experiments/mazes/M01.xml	1	experiments/pc_layers/uniform/u20_09.csv	0.0	10000
c189	experiments/setups/experiment_1.xml	g1	experiments/mazes/M01.xml	1	experiments/pc_layers/uniform/u20_09.csv	0.7	10000
c190	experiments/setups/experiment_1.xml	g1	experiments/mazes/M01.xml	1	experiments/pc_layers/uniform/u16_20.csv	0.0	10000
c191	experiments/setups/experiment_1.xml	g1	experiments/mazes/M01.xml	1	experiments/pc_layers/uniform/u16_20.csv	0.7	10000
c192	experiments/setups/experiment_1.xml	g1	experiments/mazes/M01.xml	1	experiments/pc_layers/uniform/u16_35.csv	0.0	10000
c193	experiments/setups/experiment_1.xml	g1	experiments/mazes/M01.xml	1	experiments/pc_layers/uniform/u16_35.csv	0.7	10000
c194	experiments/setups/experiment_1.xml	g1	experiments/mazes/M01.xml	1	experiments/pc_layers/uniform/u44_15.csv	0.0	10000
c195	experiments/setups/experiment_1.xml	g1	experiments/mazes/M01.xml	1	experiments/pc_layers/uniform/u44_15.csv	0.7	10000
c196	experiments/setups/experiment_1.xml	g1	experiments/mazes/M01.xml	1	experiments/pc_layers/uniform/u20_20.csv	0.0	10000
c197	experiments/setups/experiment_1.xml	g1	experiments/mazes/M01.xml	1	experiments/pc_layers/uniform/u20_20.csv	0.7	10000
c198	experiments/setups/experiment_1.xml	g1	experiments/mazes/M01.xml	1	experiments/pc_layers/uniform/u08_21.csv	0.0	10000
c199	experiments/setups/experiment_1.xml	g1	experiments/mazes/M01.xml	1	experiments/pc_layers/uniform/u08_21.csv	0.7	10000
c200	experiments/setups/experiment_1.xml	g1	experiments/mazes/M01.xml	1	experiments/pc_layers/uniform/u08_35.csv	0.0	10000
c201	experiments/setups/experiment_1.xml	g1	experiments/mazes/M01.xml	1	experiments/pc_layers/uniform/u08_35.csv	0.7	10000
c202	experiments/setups/experiment_1.xml	g1	experiments/mazes/M01.xml	1	experiments/pc_layers/uniform/u56_15.csv	0.0	10000
c203	experiments/setups/experiment_1.xml	g1	experiments/mazes/M01.xml	1	experiments/pc_layers/uniform/u56_15.csv	0.7	10000
c204	experiments/setups/experiment_1.xml	g1	experiments/mazes/M01.xml	1	experiments/pc_layers/uniform/u32_20.csv	0.0	10000
c205	experiments/setups/experiment_1.xml	g1	experiments/mazes/M01.xml	1	experiments/pc_layers/uniform/u32_20.csv	0.7	10000
c206	experiments/setups/experiment_1.xml	g1	experiments/mazes/M01.xml	1	experiments/pc_layers/uniform/u48_15.csv	0.0	10000
c207	experiments/setups/experiment_1.xml	g1	experiments/mazes/M01.xml	1	experiments/pc_layers/uniform/u48_15.csv	0.7	10000
c208	experiments/setups/experiment_1.xml	g1	experiments/mazes/M02.xml	1	experiments/pc_layers/uniform/u48_30.csv	0.0	10000
c209	experiments/setups/experiment_1.xml	g1	experiments/mazes/M02.xml	1	experiments/pc_layers/uniform/u48_30.csv	0.7	10000
c210	experiments/setups/experiment_1.xml	g1	experiments/mazes/M02.xml	1	experiments/pc_layers/uniform/u52_40.csv	0.0	10000
c211	experiments/setups/experiment_1.xml	g1	experiments/mazes/M02.xml	1	experiments/pc_layers/uniform/u52_40.csv	0.7	10000
c212	experiments/setups/experiment_1.xml	g1	experiments/mazes/M02.xml	1	experiments/pc_layers/uniform/u56_30.csv	0.0	10000
c213	experiments/setups/experiment_1.xml	g1	experiments/mazes/M02.xml	1	experiments/pc_layers/uniform/u56_30.csv	0.7	10000
c214	experiments/setups/experiment_1.xml	g1	experiments/mazes/M02.xml	1	experiments/pc_layers/uniform/u40_40.csv	0.0	10000
c215	experiments/setups/experiment_1.xml	g1	experiments/mazes/M02.xml	1	experiments/pc_layers/uniform/u40_40.csv	0.7	10000
c216	experiments/setups/experiment_1.xml	g1	experiments/mazes/M02.xml	1	experiments/pc_layers/uniform/u44_30.csv	0.0	10000
c217	experiments/setups/experiment_1.xml	g1	experiments/mazes/M02.xml	1	experiments/pc_layers/uniform/u44_30.csv	0.7	10000
c218	experiments/setups/experiment_1.xml	g1	experiments/mazes/M02.xml	1	experiments/pc_layers/uniform/u44_25.csv	0.0	10000
c219	experiments/setups/experiment_1.xml	g1	experiments/mazes/M02.xml	1	experiments/pc_layers/uniform/u44_25.csv	0.7	10000
c220	experiments/setups/experiment_1.xml	g1	experiments/mazes/M02.xml	1	experiments/pc_layers/uniform/u16_11.csv	0.0	10000
c221	experiments/setups/experiment_1.xml	g1	experiments/mazes/M02.xml	1	experiments/pc_layers/uniform/u16_11.csv	0.7	10000
c222	experiments/setups/experiment_1.xml	g1	experiments/mazes/M02.xml	1	experiments/pc_layers/uniform/u20_10.csv	0.0	10000
c223	experiments/setups/experiment_1.xml	g1	experiments/mazes/M02.xml	1	experiments/pc_layers/uniform/u20_10.csv	0.7	10000
c224	experiments/setups/experiment_1.xml	g1	experiments/mazes/M02.xml	1	experiments/pc_layers/uniform/u56_25.csv	0.0	10000
c225	experiments/setups/experiment_1.xml	g1	experiments/mazes/M02.xml	1	experiments/pc_layers/uniform/u56_25.csv	0.7	10000
c226	experiments/setups/experiment_1.xml	g1	experiments/mazes/M02.xml	1	experiments/pc_layers/uniform/u32_10.csv	0.0	10000
c227	experiments/setups/experiment_1.xml	g1	experiments/mazes/M02.xml	1	experiments/pc_layers/uniform/u32_10.csv	0.7	10000
c228	experiments/setups/experiment_1.xml	g1	experiments/mazes/M02.xml	1	experiments/pc_layers/uniform/u48_25.csv	0.0	10000
c229	experiments/setups/experiment_1.xml	g1	experiments/mazes/M02.xml	1	experiments/pc_layers/uniform/u48_25.csv	0.7	10000
c230	experiments/setups/experiment_1.xml	g1	experiments/mazes/M02.xml	1	experiments/pc_layers/uniform/u32_06.csv	0.0	10000
c231	experiments/setups/experiment_1.xml	g1	experiments/mazes/M02.xml	1	experiments/pc_layers/uniform/u32_06.csv	0.7	10000
c232	experiments/setups/experiment_1.xml	g1	experiments/mazes/M02.xml	1	experiments/pc_layers/uniform/u48_35.csv	0.0	10000
c233	experiments/setups/experiment_1.xml	g1	experiments/mazes/M02.xml	1	experiments/pc_layers/uniform/u48_35.csv	0.7	10000
c234	experiments/setups/experiment_1.xml	g1	experiments/mazes/M02.xml	1	experiments/pc_layers/uniform/u56_35.csv	0.0	10000
c235	experiments/setups/experiment_1.xml	g1	experiments/mazes/M02.xml	1	experiments/pc_layers/uniform/u56_35.csv	0.7	10000
c236	experiments/setups/experiment_1.xml	g1	experiments/mazes/M02.xml	1	experiments/pc_layers/uniform/u16_15.csv	0.0	10000
c237	experiments/setups/experiment_1.xml	g1	experiments/mazes/M02.xml	1	experiments/pc_layers/uniform/u16_15.csv	0.7	10000
c238	experiments/setups/experiment_1.xml	g1	experiments/mazes/M02.xml	1	experiments/pc_layers/uniform/u44_35.csv	0.0	10000
c239	experiments/setups/experiment_1.xml	g1	experiments/mazes/M02.xml	1	experiments/pc_layers/uniform/u44_35.csv	0.7	10000
c240	experiments/setups/experiment_1.xml	g1	experiments/mazes/M02.xml	1	experiments/pc_layers/uniform/u44_20.csv	0.0	10000
c241	experiments/setups/experiment_1.xml	g1	experiments/mazes/M02.xml	1	experiments/pc_layers/uniform/u44_20.csv	0.7	10000
c242	experiments/setups/experiment_1.xml	g1	experiments/mazes/M02.xml	1	experiments/pc_layers/uniform/u20_15.csv	0.0	10000
c243	experiments/setups/experiment_1.xml	g1	experiments/mazes/M02.xml	1	experiments/pc_layers/uniform/u20_15.csv	0.7	10000
c244	experiments/setups/experiment_1.xml	g1	experiments/mazes/M02.xml	1	experiments/pc_layers/uniform/u56_20.csv	0.0	10000
c245	experiments/setups/experiment_1.xml	g1	experiments/mazes/M02.xml	1	experiments/pc_layers/uniform/u56_20.csv	0.7	10000
c246	experiments/setups/experiment_1.xml	g1	experiments/mazes/M02.xml	1	experiments/pc_layers/uniform/u32_15.csv	0.0	10000
c247	experiments/setups/experiment_1.xml	g1	experiments/mazes/M02.xml	1	experiments/pc_layers/uniform/u32_15.csv	0.7	10000
c248	experiments/setups/experiment_1.xml	g1	experiments/mazes/M02.xml	1	experiments/pc_layers/uniform/u48_20.csv	0.0	10000
c249	experiments/setups/experiment_1.xml	g1	experiments/mazes/M02.xml	1	experiments/pc_layers/uniform/u48_20.csv	0.7	10000
c250	experiments/setups/experiment_1.xml	g1	experiments/mazes/M02.xml	1	experiments/pc_layers/uniform/u52_20.csv	0.0	10000
c251	experiments/setups/experiment_1.xml	g1	experiments/mazes/M02.xml	1	experiments/pc_layers/uniform/u52_20.csv	0.7	10000
c252	experiments/setups/experiment_1.xml	g1	experiments/mazes/M02.xml	1	experiments/pc_layers/uniform/u28_15.csv	0.0	10000
c253	experiments/setups/experiment_1.xml	g1	experiments/mazes/M02.xml	1	experiments/pc_layers/uniform/u28_15.csv	0.7	10000
c254	experiments/setups/experiment_1.xml	g1	experiments/mazes/M02.xml	1	experiments/pc_layers/uniform/u36_15.csv	0.0	10000
c255	experiments/setups/experiment_1.xml	g1	experiments/mazes/M02.xml	1	experiments/pc_layers/uniform/u36_15.csv	0.7	10000
c256	experiments/setups/experiment_1.xml	g1	experiments/mazes/M02.xml	1	experiments/pc_layers/uniform/u40_20.csv	0.0	10000
c257	experiments/setups/experiment_1.xml	g1	experiments/mazes/M02.xml	1	experiments/pc_layers/uniform/u40_20.csv	0.7	10000
c258	experiments/setups/experiment_1.xml	g1	experiments/mazes/M02.xml	1	experiments/pc_layers/uniform/u12_14.csv	0.0	10000
c259	experiments/setups/experiment_1.xml	g1	experiments/mazes/M02.xml	1	experiments/pc_layers/uniform/u12_14.csv	0.7	10000
c260	experiments/setups/experiment_1.xml	g1	experiments/mazes/M02.xml	1	experiments/pc_layers/uniform/u24_15.csv	0.0	10000
c261	experiments/setups/experiment_1.xml	g1	experiments/mazes/M02.xml	1	experiments/pc_layers/uniform/u24_15.csv	0.7	10000
c262	experiments/setups/experiment_1.xml	g1	experiments/mazes/M02.xml	1	experiments/pc_layers/uniform/u12_15.csv	0.0	10000
c263	experiments/setups/experiment_1.xml	g1	experiments/mazes/M02.xml	1	experiments/pc_layers/uniform/u12_15.csv	0.7	10000
c264	experiments/setups/experiment_1.xml	g1	experiments/mazes/M02.xml	1	experiments/pc_layers/uniform/u40_35.csv	0.0	10000
c265	experiments/setups/experiment_1.xml	g1	experiments/mazes/M02.xml	1	experiments/pc_layers/uniform/u40_35.csv	0.7	10000
c266	experiments/setups/experiment_1.xml	g1	experiments/mazes/M02.xml	1	experiments/pc_layers/uniform/u52_35.csv	0.0	10000
c267	experiments/setups/experiment_1.xml	g1	experiments/mazes/M02.xml	1	experiments/pc_layers/uniform/u52_35.csv	0.7	10000
c268	experiments/setups/experiment_1.xml	g1	experiments/mazes/M02.xml	1	experiments/pc_layers/uniform/u52_25.csv	0.0	10000
c269	experiments/setups/experiment_1.xml	g1	experiments/mazes/M02.xml	1	experiments/pc_layers/uniform/u52_25.csv	0.7	10000
c270	experiments/setups/experiment_1.xml	g1	experiments/mazes/M02.xml	1	experiments/pc_layers/uniform/u28_10.csv	0.0	10000
c271	experiments/setups/experiment_1.xml	g1	experiments/mazes/M02.xml	1	experiments/pc_layers/uniform/u28_10.csv	0.7	10000
c272	experiments/setups/experiment_1.xml	g1	experiments/mazes/M02.xml	1	experiments/pc_layers/uniform/u36_10.csv	0.0	10000
c273	experiments/setups/experiment_1.xml	g1	experiments/mazes/M02.xml	1	experiments/pc_layers/uniform/u36_10.csv	0.7	10000
c274	experiments/setups/experiment_1.xml	g1	experiments/mazes/M02.xml	1	experiments/pc_layers/uniform/u40_25.csv	0.0	10000
c275	experiments/setups/experiment_1.xml	g1	experiments/mazes/M02.xml	1	experiments/pc_layers/uniform/u40_25.csv	0.7	10000
c276	experiments/setups/experiment_1.xml	g1	experiments/mazes/M02.xml	1	experiments/pc_layers/uniform/u24_10.csv	0.0	10000
c277	experiments/setups/experiment_1.xml	g1	experiments/mazes/M02.xml	1	experiments/pc_layers/uniform/u24_10.csv	0.7	10000
c278	experiments/setups/experiment_1.xml	g1	experiments/mazes/M02.xml	1	experiments/pc_layers/uniform/u44_40.csv	0.0	10000
c279	experiments/setups/experiment_1.xml	g1	experiments/mazes/M02.xml	1	experiments/pc_layers/uniform/u44_40.csv	0.7	10000
c280	experiments/setups/experiment_1.xml	g1	experiments/mazes/M02.xml	1	experiments/pc_layers/uniform/u40_30.csv	0.0	10000
c281	experiments/setups/experiment_1.xml	g1	experiments/mazes/M02.xml	1	experiments/pc_layers/uniform/u40_30.csv	0.7	10000
c282	experiments/setups/experiment_1.xml	g1	experiments/mazes/M02.xml	1	experiments/pc_layers/uniform/u56_40.csv	0.0	10000
c283	experiments/setups/experiment_1.xml	g1	experiments/mazes/M02.xml	1	experiments/pc_layers/uniform/u56_40.csv	0.7	10000
c284	experiments/setups/experiment_1.xml	g1	experiments/mazes/M02.xml	1	experiments/pc_layers/uniform/u48_40.csv	0.0	10000
c285	experiments/setups/experiment_1.xml	g1	experiments/mazes/M02.xml	1	experiments/pc_layers/uniform/u48_40.csv	0.7	10000
c286	experiments/setups/experiment_1.xml	g1	experiments/mazes/M02.xml	1	experiments/pc_layers/uniform/u52_30.csv	0.0	10000
c287	experiments/setups/experiment_1.xml	g1	experiments/mazes/M02.xml	1	experiments/pc_layers/uniform/u52_30.csv	0.7	10000
c288	experiments/setups/experiment_1.xml	g1	experiments/mazes/M02.xml	1	experiments/pc_layers/uniform/u24_07.csv	0.0	10000
c289	experiments/setups/experiment_1.xml	g1	experiments/mazes/M02.xml	1	experiments/pc_layers/uniform/u24_07.csv	0.7	10000
c290	experiments/setups/experiment_1.xml	g1	experiments/mazes/M02.xml	1	experiments/pc_layers/uniform/u36_06.csv	0.0	10000
c291	experiments/setups/experiment_1.xml	g1	experiments/mazes/M02.xml	1	experiments/pc_layers/uniform/u36_06.csv	0.7	10000
c292	experiments/setups/experiment_1.xml	g1	experiments/mazes/M02.xml	1	experiments/pc_layers/uniform/u28_06.csv	0.0	10000
c293	experiments/setups/experiment_1.xml	g1	experiments/mazes/M02.xml	1	experiments/pc_layers/uniform/u28_06.csv	0.7	10000
c294	experiments/setups/experiment_1.xml	g1	experiments/mazes/M02.xml	1	experiments/pc_layers/uniform/u52_15.csv	0.0	10000
c295	experiments/setups/experiment_1.xml	g1	experiments/mazes/M02.xml	1	experiments/pc_layers/uniform/u52_15.csv	0.7	10000
c296	experiments/setups/experiment_1.xml	g1	experiments/mazes/M02.xml	1	experiments/pc_layers/uniform/u28_20.csv	0.0	10000
c297	experiments/setups/experiment_1.xml	g1	experiments/mazes/M02.xml	1	experiments/pc_layers/uniform/u28_20.csv	0.7	10000
c298	experiments/setups/experiment_1.xml	g1	experiments/mazes/M02.xml	1	experiments/pc_layers/uniform/u36_20.csv	0.0	10000
c299	experiments/setups/experiment_1.xml	g1	experiments/mazes/M02.xml	1	experiments/pc_layers/uniform/u36_20.csv	0.7	10000
c300	experiments/setups/experiment_1.xml	g1	experiments/mazes/M02.xml	1	experiments/pc_layers/uniform/u12_35.csv	0.0	10000
c301	experiments/setups/experiment_1.xml	g1	experiments/mazes/M02.xml	1	experiments/pc_layers/uniform/u12_35.csv	0.7	10000
c302	experiments/setups/experiment_1.xml	g1	experiments/mazes/M02.xml	1	experiments/pc_layers/uniform/u40_15.csv	0.0	10000
c303	experiments/setups/experiment_1.xml	g1	experiments/mazes/M02.xml	1	experiments/pc_layers/uniform/u40_15.csv	0.7	10000
c304	experiments/setups/experiment_1.xml	g1	experiments/mazes/M02.xml	1	experiments/pc_layers/uniform/u24_20.csv	0.0	10000
c305	experiments/setups/experiment_1.xml	g1	experiments/mazes/M02.xml	1	experiments/pc_layers/uniform/u24_20.csv	0.7	10000
c306	experiments/setups/experiment_1.xml	g1	experiments/mazes/M02.xml	1	experiments/pc_layers/uniform/u24_35.csv	0.0	10000
c307	experiments/setups/experiment_1.xml	g1	experiments/mazes/M02.xml	1	experiments/pc_layers/uniform/u24_35.csv	0.7	10000
c308	experiments/setups/experiment_1.xml	g1	experiments/mazes/M02.xml	1	experiments/pc_layers/uniform/u12_20.csv	0.0	10000
c309	experiments/setups/experiment_1.xml	g1	experiments/mazes/M02.xml	1	experiments/pc_layers/uniform/u12_20.csv	0.7	10000
c310	experiments/setups/experiment_1.xml	g1	experiments/mazes/M02.xml	1	experiments/pc_layers/uniform/u36_35.csv	0.0	10000
c311	experiments/setups/experiment_1.xml	g1	experiments/mazes/M02.xml	1	experiments/pc_layers/uniform/u36_35.csv	0.7	10000
c312	experiments/setups/experiment_1.xml	g1	experiments/mazes/M02.xml	1	experiments/pc_layers/uniform/u28_35.csv	0.0	10000
c313	experiments/setups/experiment_1.xml	g1	experiments/mazes/M02.xml	1	experiments/pc_layers/uniform/u28_35.csv	0.7	10000
c314	experiments/setups/experiment_1.xml	g1	experiments/mazes/M02.xml	1	experiments/pc_layers/uniform/u52_10.csv	0.0	10000
c315	experiments/setups/experiment_1.xml	g1	experiments/mazes/M02.xml	1	experiments/pc_layers/uniform/u52_10.csv	0.7	10000
c316	experiments/setups/experiment_1.xml	g1	experiments/mazes/M02.xml	1	experiments/pc_layers/uniform/u52_04.csv	0.0	10000
c317	experiments/setups/experiment_1.xml	g1	experiments/mazes/M02.xml	1	experiments/pc_layers/uniform/u52_04.csv	0.7	10000
c318	experiments/setups/experiment_1.xml	g1	experiments/mazes/M02.xml	1	experiments/pc_layers/uniform/u28_25.csv	0.0	10000
c319	experiments/setups/experiment_1.xml	g1	experiments/mazes/M02.xml	1	experiments/pc_layers/uniform/u28_25.csv	0.7	10000
c320	experiments/setups/experiment_1.xml	g1	experiments/mazes/M02.xml	1	experiments/pc_layers/uniform/u04_40.csv	0.0	10000
c321	experiments/setups/experiment_1.xml	g1	experiments/mazes/M02.xml	1	experiments/pc_layers/uniform/u04_40.csv	0.7	10000
c322	experiments/setups/experiment_1.xml	g1	experiments/mazes/M02.xml	1	experiments/pc_layers/uniform/u36_25.csv	0.0	10000
c323	experiments/setups/experiment_1.xml	g1	experiments/mazes/M02.xml	1	experiments/pc_layers/uniform/u36_25.csv	0.7	10000
c324	experiments/setups/experiment_1.xml	g1	experiments/mazes/M02.xml	1	experiments/pc_layers/uniform/u12_30.csv	0.0	10000
c325	experiments/setups/experiment_1.xml	g1	experiments/mazes/M02.xml	1	experiments/pc_layers/uniform/u12_30.csv	0.7	10000
c326	experiments/setups/experiment_1.xml	g1	experiments/mazes/M02.xml	1	experiments/pc_layers/uniform/u40_10.csv	0.0	10000
c327	experiments/setups/experiment_1.xml	g1	experiments/mazes/M02.xml	1	experiments/pc_layers/uniform/u40_10.csv	0.7	10000
c328	experiments/setups/experiment_1.xml	g1	experiments/mazes/M02.xml	1	experiments/pc_layers/uniform/u08_40.csv	0.0	10000
c329	experiments/setups/experiment_1.xml	g1	experiments/mazes/M02.xml	1	experiments/pc_layers/uniform/u08_40.csv	0.7	10000
c330	experiments/setups/experiment_1.xml	g1	experiments/mazes/M02.xml	1	experiments/pc_layers/uniform/u16_40.csv	0.0	10000
c331	experiments/setups/experiment_1.xml	g1	experiments/mazes/M02.xml	1	experiments/pc_layers/uniform/u16_40.csv	0.7	10000
c332	experiments/setups/experiment_1.xml	g1	experiments/mazes/M02.xml	1	experiments/pc_layers/uniform/u24_25.csv	0.0	10000
c333	experiments/setups/experiment_1.xml	g1	experiments/mazes/M02.xml	1	experiments/pc_layers/uniform/u24_25.csv	0.7	10000
c334	experiments/setups/experiment_1.xml	g1	experiments/mazes/M02.xml	1	experiments/pc_layers/uniform/u24_30.csv	0.0	10000
c335	experiments/setups/experiment_1.xml	g1	experiments/mazes/M02.xml	1	experiments/pc_layers/uniform/u24_30.csv	0.7	10000
c336	experiments/setups/experiment_1.xml	g1	experiments/mazes/M02.xml	1	experiments/pc_layers/uniform/u20_40.csv	0.0	10000
c337	experiments/setups/experiment_1.xml	g1	experiments/mazes/M02.xml	1	experiments/pc_layers/uniform/u20_40.csv	0.7	10000
c338	experiments/setups/experiment_1.xml	g1	experiments/mazes/M02.xml	1	experiments/pc_layers/uniform/u12_25.csv	0.0	10000
c339	experiments/setups/experiment_1.xml	g1	experiments/mazes/M02.xml	1	experiments/pc_layers/uniform/u12_25.csv	0.7	10000
c340	experiments/setups/experiment_1.xml	g1	experiments/mazes/M02.xml	1	experiments/pc_layers/uniform/u40_05.csv	0.0	10000
c341	experiments/setups/experiment_1.xml	g1	experiments/mazes/M02.xml	1	experiments/pc_layers/uniform/u40_05.csv	0.7	10000
c342	experiments/setups/experiment_1.xml	g1	experiments/mazes/M02.xml	1	experiments/pc_layers/uniform/u36_30.csv	0.0	10000
c343	experiments/setups/experiment_1.xml	g1	experiments/mazes/M02.xml	1	experiments/pc_layers/uniform/u36_30.csv	0.7	10000
c344	experiments/setups/experiment_1.xml	g1	experiments/mazes/M02.xml	1	experiments/pc_layers/uniform/u28_30.csv	0.0	10000
c345	experiments/setups/experiment_1.xml	g1	experiments/mazes/M02.xml	1	experiments/pc_layers/uniform/u28_30.csv	0.7	10000
c346	experiments/setups/experiment_1.xml	g1	experiments/mazes/M02.xml	1	experiments/pc_layers/uniform/u32_40.csv	0.0	10000
c347	experiments/setups/experiment_1.xml	g1	experiments/mazes/M02.xml	1	experiments/pc_layers/uniform/u32_40.csv	0.7	10000
c348	experiments/setups/experiment_1.xml	g1	experiments/mazes/M02.xml	1	experiments/pc_layers/uniform/u52_05.csv	0.0	10000
c349	experiments/setups/experiment_1.xml	g1	experiments/mazes/M02.xml	1	experiments/pc_layers/uniform/u52_05.csv	0.7	10000
c350	experiments/setups/experiment_1.xml	g1	experiments/mazes/M02.xml	1	experiments/pc_layers/uniform/u48_05.csv	0.0	10000
c351	experiments/setups/experiment_1.xml	g1	experiments/mazes/M02.xml	1	experiments/pc_layers/uniform/u48_05.csv	0.7	10000
c352	experiments/setups/experiment_1.xml	g1	experiments/mazes/M02.xml	1	experiments/pc_layers/uniform/u28_40.csv	0.0	10000
c353	experiments/setups/experiment_1.xml	g1	experiments/mazes/M02.xml	1	experiments/pc_layers/uniform/u28_40.csv	0.7	10000
c354	experiments/setups/experiment_1.xml	g1	experiments/mazes/M02.xml	1	experiments/pc_layers/uniform/u32_30.csv	0.0	10000
c355	experiments/setups/experiment_1.xml	g1	experiments/mazes/M02.xml	1	experiments/pc_layers/uniform/u32_30.csv	0.7	10000
c356	experiments/setups/experiment_1.xml	g1	experiments/mazes/M02.xml	1	experiments/pc_layers/uniform/u56_05.csv	0.0	10000
c357	experiments/setups/experiment_1.xml	g1	experiments/mazes/M02.xml	1	experiments/pc_layers/uniform/u56_05.csv	0.7	10000
c358	experiments/setups/experiment_1.xml	g1	experiments/mazes/M02.xml	1	experiments/pc_layers/uniform/u36_40.csv	0.0	10000
c359	experiments/setups/experiment_1.xml	g1	experiments/mazes/M02.xml	1	experiments/pc_layers/uniform/u36_40.csv	0.7	10000
c360	experiments/setups/experiment_1.xml	g1	experiments/mazes/M02.xml	1	experiments/pc_layers/uniform/u08_25.csv	0.0	10000
c361	experiments/setups/experiment_1.xml	g1	experiments/mazes/M02.xml	1	experiments/pc_layers/uniform/u08_25.csv	0.7	10000
c362	experiments/setups/experiment_1.xml	g1	experiments/mazes/M02.xml	1	experiments/pc_layers/uniform/u20_30.csv	0.0	10000
c363	experiments/setups/experiment_1.xml	g1	experiments/mazes/M02.xml	1	experiments/pc_layers/uniform/u20_30.csv	0.7	10000
c364	experiments/setups/experiment_1.xml	g1	experiments/mazes/M02.xml	1	experiments/pc_layers/uniform/u16_25.csv	0.0	10000
c365	experiments/setups/experiment_1.xml	g1	experiments/mazes/M02.xml	1	experiments/pc_layers/uniform/u16_25.csv	0.7	10000
c366	experiments/setups/experiment_1.xml	g1	experiments/mazes/M02.xml	1	experiments/pc_layers/uniform/u44_05.csv	0.0	10000
c367	experiments/setups/experiment_1.xml	g1	experiments/mazes/M02.xml	1	experiments/pc_layers/uniform/u44_05.csv	0.7	10000
c368	experiments/setups/experiment_1.xml	g1	experiments/mazes/M02.xml	1	experiments/pc_layers/uniform/u24_40.csv	0.0	10000
c369	experiments/setups/experiment_1.xml	g1	experiments/mazes/M02.xml	1	experiments/pc_layers/uniform/u24_40.csv	0.7	10000
c370	experiments/setups/experiment_1.xml	g1	experiments/mazes/M02.xml	1	experiments/pc_layers/uniform/u44_04.csv	0.0	10000
c371	experiments/setups/experiment_1.xml	g1	experiments/mazes/M02.xml	1	experiments/pc_layers/uniform/u44_04.csv	0.7	10000
c372	experiments/setups/experiment_1.xml	g1	experiments/mazes/M02.xml	1	experiments/pc_layers/uniform/u16_30.csv	0.0	10000
c373	experiments/setups/experiment_1.xml	g1	experiments/mazes/M02.xml	1	experiments/pc_layers/uniform/u16_30.csv	0.7	10000
c374	experiments/setups/experiment_1.xml	g1	experiments/mazes/M02.xml	1	experiments/pc_layers/uniform/u44_10.csv	0.0	10000
c375	experiments/setups/experiment_1.xml	g1	experiments/mazes/M02.xml	1	experiments/pc_layers/uniform/u44_10.csv	0.7	10000
c376	experiments/setups/experiment_1.xml	g1	experiments/mazes/M02.xml	1	experiments/pc_layers/uniform/u20_25.csv	0.0	10000
c377	experiments/setups/experiment_1.xml	g1	experiments/mazes/M02.xml	1	experiments/pc_layers/uniform/u20_25.csv	0.7	10000
c378	experiments/setups/experiment_1.xml	g1	experiments/mazes/M02.xml	1	experiments/pc_layers/uniform/u12_40.csv	0.0	10000
c379	experiments/setups/experiment_1.xml	g1	experiments/mazes/M02.xml	1	experiments/pc_layers/uniform/u12_40.csv	0.7	10000
c380	experiments/setups/experiment_1.xml	g1	experiments/mazes/M02.xml	1	experiments/pc_layers/uniform/u08_30.csv	0.0	10000
c381	experiments/setups/experiment_1.xml	g1	experiments/mazes/M02.xml	1	experiments/pc_layers/uniform/u08_30.csv	0.7	10000
c382	experiments/setups/experiment_1.xml	g1	experiments/mazes/M02.xml	1	experiments/pc_layers/uniform/u56_10.csv	0.0	10000
c383	experiments/setups/experiment_1.xml	g1	experiments/mazes/M02.xml	1	experiments/pc_layers/uniform/u56_10.csv	0.7	10000
c384	experiments/setups/experiment_1.xml	g1	experiments/mazes/M02.xml	1	experiments/pc_layers/uniform/u56_04.csv	0.0	10000
c385	experiments/setups/experiment_1.xml	g1	experiments/mazes/M02.xml	1	experiments/pc_layers/uniform/u56_04.csv	0.7	10000
c386	experiments/setups/experiment_1.xml	g1	experiments/mazes/M02.xml	1	experiments/pc_layers/uniform/u32_25.csv	0.0	10000
c387	experiments/setups/experiment_1.xml	g1	experiments/mazes/M02.xml	1	experiments/pc_layers/uniform/u32_25.csv	0.7	10000
c388	experiments/setups/experiment_1.xml	g1	experiments/mazes/M02.xml	1	experiments/pc_layers/uniform/u48_10.csv	0.0	10000
c389	experiments/setups/experiment_1.xml	g1	experiments/mazes/M02.xml	1	experiments/pc_layers/uniform/u48_10.csv	0.7	10000
c390	experiments/setups/experiment_1.xml	g1	experiments/mazes/M02.xml	1	experiments/pc_layers/uniform/u48_04.csv	0.0	10000
c391	experiments/setups/experiment_1.xml	g1	experiments/mazes/M02.xml	1	experiments/pc_layers/uniform/u48_04.csv	0.7	10000
c392	experiments/setups/experiment_1.xml	g1	experiments/mazes/M02.xml	1	experiments/pc_layers/uniform/u32_35.csv	0.0	10000
c393	experiments/setups/experiment_1.xml	g1	experiments/mazes/M02.xml	1	experiments/pc_layers/uniform/u32_35.csv	0.7	10000
c394	experiments/setups/experiment_1.xml	g1	experiments/mazes/M02.xml	1	experiments/pc_layers/uniform/u20_35.csv	0.0	10000
c395	experiments/setups/experiment_1.xml	g1	experiments/mazes/M02.xml	1	experiments/pc_layers/uniform/u20_35.csv	0.7	10000
c396	experiments/setups/experiment_1.xml	g1	experiments/mazes/M02.xml	1	experiments/pc_layers/uniform/u20_09.csv	0.0	10000
c397	experiments/setups/experiment_1.xml	g1	experiments/mazes/M02.xml	1	experiments/pc_layers/uniform/u20_09.csv	0.7	10000
c398	experiments/setups/experiment_1.xml	g1	experiments/mazes/M02.xml	1	experiments/pc_layers/uniform/u16_20.csv	0.0	10000
c399	experiments/setups/experiment_1.xml	g1	experiments/mazes/M02.xml	1	experiments/pc_layers/uniform/u16_20.csv	0.7	10000
c400	experiments/setups/experiment_1.xml	g1	experiments/mazes/M02.xml	1	experiments/pc_layers/uniform/u16_35.csv	0.0	10000
c401	experiments/setups/experiment_1.xml	g1	experiments/mazes/M02.xml	1	experiments/pc_layers/uniform/u16_35.csv	0.7	10000
c402	experiments/setups/experiment_1.xml	g1	experiments/mazes/M02.xml	1	experiments/pc_layers/uniform/u44_15.csv	0.0	10000
c403	experiments/setups/experiment_1.xml	g1	experiments/mazes/M02.xml	1	experiments/pc_layers/uniform/u44_15.csv	0.7	10000
c404	experiments/setups/experiment_1.xml	g1	experiments/mazes/M02.xml	1	experiments/pc_layers/uniform/u20_20.csv	0.0	10000
c405	experiments/setups/experiment_1.xml	g1	experiments/mazes/M02.xml	1	experiments/pc_layers/uniform/u20_20.csv	0.7	10000
c406	experiments/setups/experiment_1.xml	g1	experiments/mazes/M02.xml	1	experiments/pc_layers/uniform/u08_21.csv	0.0	10000
c407	experiments/setups/experiment_1.xml	g1	experiments/mazes/M02.xml	1	experiments/pc_layers/uniform/u08_21.csv	0.7	10000
c408	experiments/setups/experiment_1.xml	g1	experiments/mazes/M02.xml	1	experiments/pc_layers/uniform/u08_35.csv	0.0	10000
c409	experiments/setups/experiment_1.xml	g1	experiments/mazes/M02.xml	1	experiments/pc_layers/uniform/u08_35.csv	0.7	10000
c410	experiments/setups/experiment_1.xml	g1	experiments/mazes/M02.xml	1	experiments/pc_layers/uniform/u56_15.csv	0.0	10000
c411	experiments/setups/experiment_1.xml	g1	experiments/mazes/M02.xml	1	experiments/pc_layers/uniform/u56_15.csv	0.7	10000
c412	experiments/setups/experiment_1.xml	g1	experiments/mazes/M02.xml	1	experiments/pc_layers/uniform/u32_20.csv	0.0	10000
c413	experiments/setups/experiment_1.xml	g1	experiments/mazes/M02.xml	1	experiments/pc_layers/uniform/u32_20.csv	0.7	10000
c414	experiments/setups/experiment_1.xml	g1	experiments/mazes/M02.xml	1	experiments/pc_layers/uniform/u48_15.csv	0.0	10000
c415	experiments/setups/experiment_1.xml	g1	experiments/mazes/M02.xml	1	experiments/pc_layers/uniform/u48_15.csv	0.7	10000
